insert into user (username, password, is_delete) values ('vkunkel0', '$2a$10$pZNW3zOtmMXwvWeWmRZYxeSbhRKvZE20dxWKQIX2SGlOTXKCBGfJC', 0);
insert into user (username, password, is_delete) values ('ppulley1', '$2a$10$pZNW3zOtmMXwvWeWmRZYxeSbhRKvZE20dxWKQIX2SGlOTXKCBGfJC', 0);
insert into user (username, password, is_delete) values ('wkleinhausen2', '$2a$10$pZNW3zOtmMXwvWeWmRZYxeSbhRKvZE20dxWKQIX2SGlOTXKCBGfJC', 0);
insert into user (username, password, is_delete) values ('idoick3', '$2a$10$pZNW3zOtmMXwvWeWmRZYxeSbhRKvZE20dxWKQIX2SGlOTXKCBGfJC', 0);
insert into user (username, password, is_delete) values ('rpalin4', '$2a$10$pZNW3zOtmMXwvWeWmRZYxeSbhRKvZE20dxWKQIX2SGlOTXKCBGfJC', 0);
insert into user (username, password, is_delete) values ('lgillebride5', '$2a$10$pZNW3zOtmMXwvWeWmRZYxeSbhRKvZE20dxWKQIX2SGlOTXKCBGfJC', 0);
insert into user (username, password, is_delete) values ('rskylett6', '$2a$10$pZNW3zOtmMXwvWeWmRZYxeSbhRKvZE20dxWKQIX2SGlOTXKCBGfJC', 0);
insert into user (username, password, is_delete) values ('lgrossman7', '$2a$10$pZNW3zOtmMXwvWeWmRZYxeSbhRKvZE20dxWKQIX2SGlOTXKCBGfJC', 0);
insert into user (username, password, is_delete) values ('ralbro8', '$2a$10$pZNW3zOtmMXwvWeWmRZYxeSbhRKvZE20dxWKQIX2SGlOTXKCBGfJC', 0);
insert into user (username, password, is_delete) values ('jtwyford9', '$2a$10$pZNW3zOtmMXwvWeWmRZYxeSbhRKvZE20dxWKQIX2SGlOTXKCBGfJC', 0);
insert into user (username, password, is_delete) values ('groberdsa', '$2a$10$pZNW3zOtmMXwvWeWmRZYxeSbhRKvZE20dxWKQIX2SGlOTXKCBGfJC', 0);
insert into user (username, password, is_delete) values ('zolliffb', '$2a$10$pZNW3zOtmMXwvWeWmRZYxeSbhRKvZE20dxWKQIX2SGlOTXKCBGfJC', 0);
insert into user (username, password, is_delete) values ('ldaykinc', '$2a$10$pZNW3zOtmMXwvWeWmRZYxeSbhRKvZE20dxWKQIX2SGlOTXKCBGfJC', 0);
insert into user (username, password, is_delete) values ('cstanyardd', '$2a$10$pZNW3zOtmMXwvWeWmRZYxeSbhRKvZE20dxWKQIX2SGlOTXKCBGfJC', 0);
insert into user (username, password, is_delete) values ('scoatene', '$2a$10$pZNW3zOtmMXwvWeWmRZYxeSbhRKvZE20dxWKQIX2SGlOTXKCBGfJC', 0);
insert into user (username, password, is_delete) values ('dbretonf', '$2a$10$pZNW3zOtmMXwvWeWmRZYxeSbhRKvZE20dxWKQIX2SGlOTXKCBGfJC', 0);
insert into user (username, password, is_delete) values ('abristog', '$2a$10$pZNW3zOtmMXwvWeWmRZYxeSbhRKvZE20dxWKQIX2SGlOTXKCBGfJC', 0);
insert into user (username, password, is_delete) values ('kmacallisterh', '$2a$10$pZNW3zOtmMXwvWeWmRZYxeSbhRKvZE20dxWKQIX2SGlOTXKCBGfJC', 0);
insert into user (username, password, is_delete) values ('wforthi', '$2a$10$pZNW3zOtmMXwvWeWmRZYxeSbhRKvZE20dxWKQIX2SGlOTXKCBGfJC', 0);
insert into user (username, password, is_delete) values ('jpitcaithlyj', '$2a$10$pZNW3zOtmMXwvWeWmRZYxeSbhRKvZE20dxWKQIX2SGlOTXKCBGfJC', 0);
insert into user (username, password, is_delete) values ('ljoustk', '$2a$10$pZNW3zOtmMXwvWeWmRZYxeSbhRKvZE20dxWKQIX2SGlOTXKCBGfJC', 0);
insert into user (username, password, is_delete) values ('rdavsonl', '$2a$10$pZNW3zOtmMXwvWeWmRZYxeSbhRKvZE20dxWKQIX2SGlOTXKCBGfJC', 0);
insert into user (username, password, is_delete) values ('admin', '$2a$10$pZNW3zOtmMXwvWeWmRZYxeSbhRKvZE20dxWKQIX2SGlOTXKCBGfJC', 0);
insert into user (username, password, is_delete) values ('rlomazn', '$2a$10$pZNW3zOtmMXwvWeWmRZYxeSbhRKvZE20dxWKQIX2SGlOTXKCBGfJC', 0);
insert into user (username, password, is_delete) values ('ssauvano', '$2a$10$pZNW3zOtmMXwvWeWmRZYxeSbhRKvZE20dxWKQIX2SGlOTXKCBGfJC', 0);
insert into user (username, password, is_delete) values ('customer', '$2a$10$pZNW3zOtmMXwvWeWmRZYxeSbhRKvZE20dxWKQIX2SGlOTXKCBGfJC', 0);
insert into user (username, password, is_delete) values ('thradskyq', '$2a$10$pZNW3zOtmMXwvWeWmRZYxeSbhRKvZE20dxWKQIX2SGlOTXKCBGfJC', 0);
insert into user (username, password, is_delete) values ('dcherrettr', '$2a$10$pZNW3zOtmMXwvWeWmRZYxeSbhRKvZE20dxWKQIX2SGlOTXKCBGfJC', 0);
insert into user (username, password, is_delete) values ('pbisleys', '$2a$10$pZNW3zOtmMXwvWeWmRZYxeSbhRKvZE20dxWKQIX2SGlOTXKCBGfJC', 0);
insert into user (username, password, is_delete) values ('elockett', '$2a$10$pZNW3zOtmMXwvWeWmRZYxeSbhRKvZE20dxWKQIX2SGlOTXKCBGfJC', 0);
insert into user (username, password, is_delete) values ('addmin', '$2a$10$pZNW3zOtmMXwvWeWmRZYxeSbhRKvZE20dxWKQIX2SGlOTXKCBGfJC', 0);
insert into user (username, password, is_delete) values ('mclarson0', '$2a$10$pZNW3zOtmMXwvWeWmRZYxeSbhRKvZE20dxWKQIX2SGlOTXKCBGfJC', 0);
insert into user (username, password, is_delete) values ('chancell1', '$2a$10$pZNW3zOtmMXwvWeWmRZYxeSbhRKvZE20dxWKQIX2SGlOTXKCBGfJC', 0);
insert into user (username, password, is_delete) values ('dranscome2', '$2a$10$pZNW3zOtmMXwvWeWmRZYxeSbhRKvZE20dxWKQIX2SGlOTXKCBGfJC', 0);
insert into user (username, password, is_delete) values ('tromeo3', '$2a$10$pZNW3zOtmMXwvWeWmRZYxeSbhRKvZE20dxWKQIX2SGlOTXKCBGfJC', 0);
insert into user (username, password, is_delete) values ('cpulman4', '$2a$10$pZNW3zOtmMXwvWeWmRZYxeSbhRKvZE20dxWKQIX2SGlOTXKCBGfJC', 0);
insert into user (username, password, is_delete) values ('mtorel5', '$2a$10$pZNW3zOtmMXwvWeWmRZYxeSbhRKvZE20dxWKQIX2SGlOTXKCBGfJC', 0);
insert into user (username, password, is_delete) values ('iyeats6', '$2a$10$pZNW3zOtmMXwvWeWmRZYxeSbhRKvZE20dxWKQIX2SGlOTXKCBGfJC', 0);
insert into user (username, password, is_delete) values ('ehevner7', '$2a$10$pZNW3zOtmMXwvWeWmRZYxeSbhRKvZE20dxWKQIX2SGlOTXKCBGfJC', 0);
insert into user (username, password, is_delete) values ('phover8', '$2a$10$pZNW3zOtmMXwvWeWmRZYxeSbhRKvZE20dxWKQIX2SGlOTXKCBGfJC', 0);
insert into user (username, password, is_delete) values ('sbirrel9', '$2a$10$pZNW3zOtmMXwvWeWmRZYxeSbhRKvZE20dxWKQIX2SGlOTXKCBGfJC', 0);
insert into user (username, password, is_delete) values ('ckoenea', '$2a$10$pZNW3zOtmMXwvWeWmRZYxeSbhRKvZE20dxWKQIX2SGlOTXKCBGfJC', 0);
insert into user (username, password, is_delete) values ('epaneb', '$2a$10$pZNW3zOtmMXwvWeWmRZYxeSbhRKvZE20dxWKQIX2SGlOTXKCBGfJC', 0);
insert into user (username, password, is_delete) values ('pgreggersenc', '$2a$10$pZNW3zOtmMXwvWeWmRZYxeSbhRKvZE20dxWKQIX2SGlOTXKCBGfJC', 0);
insert into user (username, password, is_delete) values ('ipottesd', '$2a$10$pZNW3zOtmMXwvWeWmRZYxeSbhRKvZE20dxWKQIX2SGlOTXKCBGfJC', 0);
insert into user (username, password, is_delete) values ('gsheepye', '$2a$10$pZNW3zOtmMXwvWeWmRZYxeSbhRKvZE20dxWKQIX2SGlOTXKCBGfJC', 0);
insert into user (username, password, is_delete) values ('wstrangwoodf', '$2a$10$pZNW3zOtmMXwvWeWmRZYxeSbhRKvZE20dxWKQIX2SGlOTXKCBGfJC', 0);
insert into user (username, password, is_delete) values ('gbarriballg', '$2a$10$pZNW3zOtmMXwvWeWmRZYxeSbhRKvZE20dxWKQIX2SGlOTXKCBGfJC', 0);
insert into user (username, password, is_delete) values ('ssodorh', '$2a$10$pZNW3zOtmMXwvWeWmRZYxeSbhRKvZE20dxWKQIX2SGlOTXKCBGfJC', 0);
insert into user (username, password, is_delete) values ('tchapplei', '$2a$10$pZNW3zOtmMXwvWeWmRZYxeSbhRKvZE20dxWKQIX2SGlOTXKCBGfJC', 0);
insert into user (username, password, is_delete) values ('abranchflowerj', '$2a$10$pZNW3zOtmMXwvWeWmRZYxeSbhRKvZE20dxWKQIX2SGlOTXKCBGfJC', 0);
insert into user (username, password, is_delete) values ('gabyssk', '$2a$10$pZNW3zOtmMXwvWeWmRZYxeSbhRKvZE20dxWKQIX2SGlOTXKCBGfJC', 0);
insert into user (username, password, is_delete) values ('wdanneill', '$2a$10$pZNW3zOtmMXwvWeWmRZYxeSbhRKvZE20dxWKQIX2SGlOTXKCBGfJC', 0);
insert into user (username, password, is_delete) values ('fgyurkom', '$2a$10$pZNW3zOtmMXwvWeWmRZYxeSbhRKvZE20dxWKQIX2SGlOTXKCBGfJC', 0);
insert into user (username, password, is_delete) values ('dmillardn', '$2a$10$pZNW3zOtmMXwvWeWmRZYxeSbhRKvZE20dxWKQIX2SGlOTXKCBGfJC', 0);
insert into user (username, password, is_delete) values ('daspinalo', '$2a$10$pZNW3zOtmMXwvWeWmRZYxeSbhRKvZE20dxWKQIX2SGlOTXKCBGfJC', 0);
insert into user (username, password, is_delete) values ('kduftonp', '$2a$10$pZNW3zOtmMXwvWeWmRZYxeSbhRKvZE20dxWKQIX2SGlOTXKCBGfJC', 0);
insert into user (username, password, is_delete) values ('cwilkensonq', '$2a$10$pZNW3zOtmMXwvWeWmRZYxeSbhRKvZE20dxWKQIX2SGlOTXKCBGfJC', 0);
insert into user (username, password, is_delete) values ('cmatteottir', '$2a$10$pZNW3zOtmMXwvWeWmRZYxeSbhRKvZE20dxWKQIX2SGlOTXKCBGfJC', 0);
insert into user (username, password, is_delete) values ('employee', '$2a$10$pZNW3zOtmMXwvWeWmRZYxeSbhRKvZE20dxWKQIX2SGlOTXKCBGfJC', 0);
insert into user (username, password, is_delete) values ('cquinceet', '$2a$10$pZNW3zOtmMXwvWeWmRZYxeSbhRKvZE20dxWKQIX2SGlOTXKCBGfJC', 0);

INSERT INTO `role` (`id`, `is_delete`, `name`) VALUES ('1', 0, 'ROLE_ADMIN');
INSERT INTO `role` (`id`, `is_delete`, `name`) VALUES ('2', 0, 'ROLE_EMPLOYEE');
INSERT INTO `role` (`id`, `is_delete`, `name`) VALUES ('3', 0, 'ROLE_CUSTOMER');

INSERT INTO `user_role` (`username`, `role_id`,is_delete) VALUES ('admin', '1',0);
INSERT INTO `user_role` (`username`, `role_id`,is_delete) VALUES ('admin', '2',0);
INSERT INTO `user_role` (`username`, `role_id`,is_delete) VALUES ('admin', '3',0);
INSERT INTO `user_role` (`username`, `role_id`,is_delete) VALUES ('employee', '2',0);
INSERT INTO `user_role` (`username`, `role_id`,is_delete) VALUES ('employee', '3',0);
INSERT INTO `user_role` (`username`, `role_id`,is_delete) VALUES ('customer', '3',0);

insert into customer_type(id, name, is_delete) values(1, 'VIP', 0);
insert into customer_type(id, name, is_delete) values(2, 'Gold', 0);
insert into customer_type(id, name, is_delete) values(3, 'Silver', 0);
insert into customer_type(id, name, is_delete) values(4, 'Member', 0);

insert into laptop_type(id, name) values(1, 'HP');
insert into laptop_type(id, name) values(2, 'Acer');
insert into laptop_type(id, name) values(3, 'Gaming');
insert into laptop_type(id, name) values(4, 'MSI');


insert into promotion(`name`,is_delete,image,start_time,end_time,detail,discount)
values
('MoMo miễn phí bắp nước khi mua vé cuối tuần',0,'https://stc.shopiness.vn/deal/2020/11/23/2/f/4/b/1606107047684_540.png','2022-11-10','2022-11-15','Miễn phí bắp nước khi mua vé xem phim. Chỉ áp dụng luồng Đặt vé xem phim, combo bắp nước và Thanh toán trên ứng dụng MoMo, không áp dụng CTKM khi khách hàng đặt và thanh toán qua các hình thức khác (Đặt qua web/app đối tác, offline...).','0'),
('Khuyến mãi vé phim chỉ từ 45k dành cho khách hàng có thẻ thành viên',0,'https://stc.shopiness.vn/deal/2020/03/04/0/e/0/9/1583303419036_540.png','2022-11-16','2022-11-18','giảm giá vé cho khách hàng có thẻ thành viên. Không áp dụng vào các ngày lễ, Tết, suất chiếu đặc biệt và định dạng phim IMAX. Không áp dụng cùng các chương trình khuyến mãi khác','10'),
('Tết xum vầy, đón vận may',0,'https://media.lottecinemavn.com/Media/Event/e080cc78a77148fba3c9af7f94d91e29.jpg','2023-02-05','2023-02-19',' Với mỗi giao dịch 2 vé qua website hoặc ứng dụng của LOTTE Cinema thành công, khách hàng sẽ thu thập được 1 Dấu Xanh May Mắn, tích xanh sẽ được quy đổi thành tiền được chuyển vào ví MoMo. Và sẽ giảm giá cho mỗi mỗi vé vào những ngày này ','10'),
('Tặng vé xem phim với hoá đơn từ 500k',0,'https://stc.shopiness.vn/deal/2021/04/12/4/a/2/a/1618211895535_540.png','2022-11-08','2022-11-30','Tặng 1 vé xem phim Lotte Cinema cho hóa đơn từ 300k. Tặng 2 vé xem phim Lotte Cinema cho hóa đơn từ 500k','0'),
('THỨ 6 xi-nê! Quà tặng cực mê',0,'https://stc.shopiness.vn/deal/2020/11/23/2/f/4/b/1606107047684_540.png','2022-04-08','2022-04-09','Đón chờ sự trở lại của thế giới điện ảnh và nhận ưu đãi cực HOT từ Ví MoMo: Mỗi thứ 6 hàng tuần, bạn sẽ 100% TRÚNG các thẻ quà hấp dẫn khi đặt vé xem phim trực tiếp trên MoMo, với giải thưởng khủng lên đến 1 NĂM XEM PHIM MIỄN PHÍ.','0'),
('Xem phim - Ăn kẹo hay bị ghẹo dịp Halloween',0,'https://metiz.vn/media/new_offer/an-keo-hay-bi-gheo.jpg','2022-10-30','2022-11-30','Mùa lễ Halloween năm nay, khi đến Metiz Cinema xem những bộ phim vào ngày lễ ma quái này còn được nhận những viên kẹo ma quái dễ thương từ Metiz nữa đấy. Duy nhất vào ngày 31.10, tất cả các khách hàng đến giao dịch mua vé xem phim Metiz vừa được nhận kẹo, áp dụng với các suất chiếu, tất cả các phim nhé.','0'),
('Nhận quà ngọt ngào dịp lễ 20/10',0,'https://metiz.vn/media/new_offer/20.10.2019_WEB-01.jpg','2022-10-20','2022-10-21','Để chào đón ngày cả thế giới hướng về phụ nữ, hướng về một nửa thế giới xinh xắn và tuyệt vời, Metiz mang đến chương trình XEM PHIM METIZ, NHẬN QUÀ NGỌT NGÀO, dành tặng 200 chiếc túi thơm cho các khách hàng nữ đến Metiz xem phim vào dịp lễ 20/10 này.','0'),
('Tết xem phim hay. Nhận lộc liền tay',0,'https://metiz.vn/media/new_offer/TET_2019_METIZ_WEB-01.jpg','2023-02-05','2023-02-09','Trong không khí tưng bừng chào đón năm mới, C05 cinema xin gửi đến 100 bao lì xì may mắn cho 100 khách hàng “xông đất” đầu tiên mua 02 vé xem phim bất kỳ tại C05 Cinema vào ngày 05/02/2023 – 09/02/2023.', '0'),
('Xem phim xuất sớm',0,'https://metiz.vn/media/new_offer/METIZ_CINEMA_KM_XEM_PHIM_XUAT_SOM_MEDIA-03_haosm11.jpg','2022-11-10','2022-11-15','Khuyến mãi XEM PHIM SUẤT SỚM dành cho khách hàng có thẻ thành viên của Metiz Cinema. Khi mua vé cho tất cả các suất chiếu trước 12h00 từ Thứ hai đến Thứ Sáu sẽ được mua đồng giá 45.000 VND/ vé 2D.','10'),
('Đến xem phim hay - Nhận ngay gấu Shooky',0,'https://metiz.vn/media/new_offer/den-xem-phim-hay-nhan-ngay-gau-shooky.jpg','2022-11-16','2022-11-18','Nhân ngày phụ nữ Việt Nam, METIZ dành đến các bạn nữ quà tặng hấp dẫn vào ngày 20.10, khi mua 02 vé phim bất kỳ tại rạp Metiz sẽ nhận ngay gấu bông Shooky siêu cute cho 100 khách hàng nữ đầu tiên nè. Người ta thường nói “Phụ nữ là để yêu thương” vì vậy, hãy cùng chị em ra rạp và dành những tình cảm đặc biệt đến một nửa thế giới nhân dịp ngày Phụ nữ Việt Nam 20.10 này nha.','0'),
('Xem phim tại rạp - rước lồng đèn xinh',0,'https://metiz.vn/media/new_offer/METIZ_TRUNG_THU_2019_WEB-01.jpg','2022-09-13','2022-09-17','Những ngày này, không khí Trung thu nhộn nhịp đang đến thật gần. Và để chào đón mùa trăng tròn 2022, Metiz mang đến chương trình XEM PHIM TẠI RẠP, RƯỚC LỒNG ĐÈN XINH dành tặng cho khách đến xem phim vào Trung thu này. Hy vọng những chiếc lồng đèn nhỏ xinh sẽ là thay lời Metiz chúc cho các bạn một mùa Trung thu thật ấm áp và ý nghĩa bên người thân và bạn bè.','0'),
('Măm combo - săn máy ảnh instax',0,'https://metiz.vn/media/new_offer/NOEL_METIZ_2018_WEBSITE.png','2022-12-10','2022-12-30','Các “mọt phim” đừng bỏ lỡ cơ hội vừa luyện phim thả ga, măm combo thật đã lại tiện tay săn về ngay 5 chiếc máy ảnh Instax chụp chọet giáng sinh này cùng C05 cinema nhé. Khách hàng mang phiếu đến quầy thông tin khách hàng (hoặc vị trí thùng phiếu) để được nhân viên hỗ trợ hướng dẫn điền thông tin cá nhân và bỏ vào thùng phiếu. Sau khi kết thúc thời gian tham gia khuyến mại, đến ngày 01/01/2019 sẽ tổ chức bốc thăm trúng thưởng và công bố kết quả người đạt giải.','0'),
('Happy Halloween - tặng voucher 30.000 khi xem phim tại C05 Cinema',0,'https://metiz.vn/media/new_offer/HALLOWEEN-METIZ_WEBSITE-01.jpg','2022-10-27','2022-10-31','Lễ hội Halloween đang rầm rộ đổ bộ C05 với một loạt phim kinh dị, ma quái ấn tượng, hứa hẹn mang đến cho các bạn những trải nghiệm đầy mới lạ. Cũng nhân dịp này, C05 mang đến chương trình tặng Voucher khuyến mãi đầy hấp dẫn cho khách hàng vừa xem phim, vừa có thể tham gia vui chơi Halloween đúng nghĩa tại Locked Danang.','0'),
('Tải app ngay - Rinh quà liền tay',0,'https://metiz.vn/media/new_offer/TAI_APP_WEBSITE-01.jpg','2022-12-02','2022-12-30','C05 tặng 1.000 phiếu giảm giá combo bắp nước 20.000 vnd cho 1.000 khách hàng đầu tiên tải & đăng nhập thành công tài khoản C05 Cinema App trong khoảng thời gian từ Thứ 2 (02/12/2022) đến Thứ 5 (30/12/2022).','10'),
('Valentine dến C05 xem phim rinh gấu!!',0,'https://metiz.vn/media/new_offer/tang_moc_khoa.jpg','2022-02-14','2022-02-15','Lễ tình nhân Valentine 14/2 năm nay bạn đã có ý tưởng gì chưa? Nếu chưa thì đưa "một nửa thân yêu" của mình đến C05 xem phim sẵn tiện rinh luôn một em gấu bé bé, xinh xinh về nào. Duy nhất trong ngày Valentine 14/2/2022, tất cả các khách hàng khi đến xem phim tại C05 Cinema mua vé xem phim ghế Sweetbox sẽ được tặng 1 móc khóa thú bông vô cùng dễ thương.','0'),
('C05 Cinema đồng giá 45k/vé 2D cho khách hàng U22',0,'https://stc.shopiness.vn/deal/2019/02/15/9/8/b/6/1550225644920_540.png','2022-11-20','2022-12-21','Đồng giá 45k/vé 2D mọi suất chiếu từ thứ 2 đến thứ 6. Áp dụng cho khách hàng dưới 22 tuổi và cao trên 1m3','10'),
('Giảm 15% mua vé C05 Cinema khi dùng MOMO',0,'https://www.tiendauroi.com/wp-content/uploads/2019/09/87b2970370c816ddda53bd69ad75fa49f99adf81_2_600x600.jpeg','2022-05-22','2022-05-23','Tải ngay app MOMO trên CH play và đặt vé. bạn sẽ nhận ngay những ưu đãi giảm giá vé hấp dẫn','15'),
('Khuyến mãi vé xem phim tháng 11: C05 đồng giá 55.000 VNĐ, BHD giảm 50% khi thanh toán qua ứng dụng',0,'https://cdn.vietnammoi.vn/171464242508312576/2021/3/17/uu-dai-ve-xem-phim-13-161597391429539218342.jpg','2022-12-22','2022-12-23','Hiện tại, C05 đang có chương trình đồng giá vô cùng hấp dẫn cho khách hàng từ 12 - 22 tuổi. Cụ thể, khi mua vé trực tiếp tại quầy và xuất trình thẻ U22 kết hợp với CMND/thẻ HSSV chính chủ, bạn sẽ được xem phim 2D với giá ưu đãi chỉ từ 45.000 VNĐ - 55.000 VNĐ. Ngoài ra, bạn còn có thể mua combo 1 nước + 1 bắp với giá 75.000 VNĐ và combo 2 nước + 1 bắp chỉ với 89.000 VNĐ. Chương trình áp dụng cho tất cả các suất chiếu từ thứ Hai đến thứ Sáu tại cụm rạp C05.','15'),
('C05 Cinema tặng bắp Smile khi mua từ 1 vé',0,'https://stc.shopiness.vn/deal/2018/04/19/e/8/b/5/1524110632484_540.png','2023-01-01','2023-01-01','Mua 1 vé nhận 1 bắp smile. Mua 2 vé nhận 1 bắp smile, 2 nước nhỏ. ','0'),
('Tuần lễ thành viên - triền miên ưu đãi',0,'https://touchcinema.com/storage/01-2019/mainset-vuong.png','2023-02-22','2023-02-22','7 ngày may mắn xem phim thả ga bắp nước thoải mái và ngập tràn quà tặng cho thành viên đăng ký mới và thành viên đã đăng ký. Mỗi ngày trong tuần khách hàng là thành viên của Touch sẽ được hưởng một khuyến mãi siêu thú vị. Còn chần chừ gì nữa đến rạp ngay hôm nay để  đăng kí thành viên miễn phí và có cơ hội nhận được những phần quà siêu hot ưu đãi siêu khủng từ Rạp.  Đừng quên nhấn nút "Theo dõi" trang Page của Touch Cinema để không bỏ lỡ chương trình khuyến mãi nào nhé. (https://www.facebook.com/touchcinema/)','10');


insert into customer (id, name, gender, email, address, phone_number, username, id_card, day_of_birth, customer_type_id, is_delete) values (1, 'Barnie Boscher', 2, 'bboscher0@vistaprint.com', '5', '0909850091', 'abristog', '578856430', '1981-05-22', 1, 0);
insert into customer (id, name, gender, email, address, phone_number, username, id_card, day_of_birth, customer_type_id, is_delete) values (2, 'Smith Pattisson', 0, 'spattisson1@unesco.org', '2', '0909389535', 'addmin', '008204972', '1999-02-01', 2, 0);
insert into customer (id, name, gender, email, address, phone_number, username, id_card, day_of_birth, customer_type_id, is_delete) values (3, 'Ruthanne Puckham', 1, 'rpuckham2@samsung.com', '37935', '0904179229', 'abranchflowerj', '623454746', '1985-04-16', 3, 0);
insert into customer (id, name, gender, email, address, phone_number, username, id_card, day_of_birth, customer_type_id, is_delete) values (4, 'Dael Philippsohn', 2, 'dphilippsohn3@wiley.com', '00617', '0902545816', 'cstanyardd', '085658315', '2001-05-23', 4, 0);
insert into customer (id, name, gender, email, address, phone_number, username, id_card, day_of_birth, customer_type_id, is_delete) values (5, 'Tasia Heyball', 0, 'theyball4@army.mil', '5', '0904269448', 'customer', '187876649', '1984-08-01', 1, 0);
insert into customer (id, name, gender, email, address, phone_number, username, id_card, day_of_birth, customer_type_id, is_delete) values (6, 'Dalila Blindt', 0, 'dblindt5@yellowbook.com', '99', '0906017553', 'dbretonf', '589646621', '1999-01-13', 4, 0);
insert into customer (id, name, gender, email, address, phone_number, username, id_card, day_of_birth, customer_type_id, is_delete) values (7, 'Kain Staves', 2, 'kstaves6@loc.gov', '5', '0905355065', 'dcherrettr', '881520441', '1994-02-12', 4,0);
insert into customer (id, name, gender, email, address, phone_number, username, id_card, day_of_birth, customer_type_id, is_delete) values (8, 'Dasya Giraudeau', 2, 'dgiraudeau7@gizmodo.com', '74582', '0908127322', 'elockett', '548151007', '1993-09-19', 1, 0);
insert into customer (id, name, gender, email, address, phone_number, username, id_card, day_of_birth, customer_type_id, is_delete) values (9, 'Alwin Guage', 1, 'aguage8@google.es', '874', '0907684254', 'groberdsa', '459178610', '1993-08-31', 2, 0);
insert into customer (id, name, gender, email, address, phone_number, username, id_card, day_of_birth, customer_type_id, is_delete) values (10, 'Peterus McNamee', 2, 'pmcnamee9@economist.com', '742', '0904645577', 'idoick3', '319644164', '1981-11-06', 2, 0);
insert into customer (id, name, gender, email, address, phone_number, username, id_card, day_of_birth, customer_type_id, is_delete) values (11, 'Olimpia Culbard', 1, 'oculbarda@biblegateway.com', '54', '0903958820', 'jpitcaithlyj', '217742362', '2004-09-21', 3, 0);
insert into customer (id, name, gender, email, address, phone_number, username, id_card, day_of_birth, customer_type_id, is_delete) values (12, 'Gael Boram', 1, 'gboramb@narod.ru', '87', '0900131745', 'jtwyford9', '153899725', '1988-09-21', 2, 0);
insert into customer (id, name, gender, email, address, phone_number, username, id_card, day_of_birth, customer_type_id, is_delete) values (13, 'Xylia Tabrett', 1, 'xtabrettc@skyrock.com', '34828', '0907705840', 'kmacallisterh', '876640657', '2000-02-24', 3, 0);
insert into customer (id, name, gender, email, address, phone_number, username, id_card, day_of_birth, customer_type_id, is_delete) values (14, 'Tabby Frapwell', 1, 'tfrapwelld@4shared.com', '76', '0900801599', 'ldaykinc', '086760931', '1988-10-15', 2, 0);
insert into customer (id, name, gender, email, address, phone_number, username, id_card, day_of_birth, customer_type_id, is_delete) values (15, 'Vance Wharmby', 2, 'vwharmbye@squarespace.com', '460', '0900874836', 'lgillebride5', '051920109', '1998-10-10', 1, 0);
insert into customer (id, name, gender, email, address, phone_number, username, id_card, day_of_birth, customer_type_id, is_delete) values (16, 'Clo Maryon', 2, 'cmaryonf@craigslist.org', '64', '0905128238', 'lgrossman7', '926846990', '1987-02-07', 1, 0);
insert into customer (id, name, gender, email, address, phone_number, username, id_card, day_of_birth, customer_type_id, is_delete) values (17, 'Iolanthe Trammel', 1, 'itrammelg@unblog.fr', '27574', '0909177227', 'ljoustk', '049697259', '1983-09-26', 1, 0);
insert into customer (id, name, gender, email, address, phone_number, username, id_card, day_of_birth, customer_type_id, is_delete) values (18, 'Winny Weigh', 0, 'wweighh@stumbleupon.com', '60', '0902997392', 'pbisleys', '394428330', '1995-05-24', 1, 0);
insert into customer (id, name, gender, email, address, phone_number, username, id_card, day_of_birth, customer_type_id, is_delete) values (19, 'Valida Stollsteiner', 0, 'vstollsteineri@1688.com', '268', '0905392315', 'ppulley1', '718482370', '2000-10-29', 1, 0);
insert into customer (id, name, gender, email, address, phone_number, username, id_card, day_of_birth, customer_type_id, is_delete) values (20, 'Elsworth Christoforou', 2, 'echristoforouj@webeden.co.uk', '05', '0902216030', 'ralbro8', '359284400', '2001-10-14', 1, 0);
insert into customer (id, name, gender, email, address, phone_number, username, id_card, day_of_birth, customer_type_id, is_delete) values (21, 'Elna Freathy', 0, 'efreathyk@ehow.com', '6', '0908195242', 'rdavsonl', '147745186', '1982-04-20', 2, 0);
insert into customer (id, name, gender, email, address, phone_number, username, id_card, day_of_birth, customer_type_id, is_delete) values (22, 'Baillie Alabastar', 1, 'balabastarl@godaddy.com', '96', '0909431690', 'rlomazn', '888399782', '1994-01-25', 3, 0);
insert into customer (id, name, gender, email, address, phone_number, username, id_card, day_of_birth, customer_type_id, is_delete) values (23, 'Saunder Timson', 0, 'stimsonm@oracle.com', '79856', '0904878157', 'rpalin4', '991125099', '1985-12-18', 3, 0);
insert into customer (id, name, gender, email, address, phone_number, username, id_card, day_of_birth, customer_type_id, is_delete) values (24, 'Roby Northwood', 1, 'rnorthwoodn@barnesandnoble.com', '3', '0903919091', 'rskylett6', '555051304', '1995-01-04', 3, 0);
insert into customer (id, name, gender, email, address, phone_number, username, id_card, day_of_birth, customer_type_id, is_delete) values (25, 'Nelle Ortells', 1, 'nortellso@mac.com', '4', '0903495537', 'scoatene', '095956778', '2004-01-15', 3, 0);
insert into customer (id, name, gender, email, address, phone_number, username, id_card, day_of_birth, customer_type_id, is_delete) values (26, 'Minnnie Christofides', 2, 'mchristofidesp@usa.gov', '68469', '0908113141', 'ssauvano', '573485948', '1982-01-28', 3, 0);
insert into customer (id, name, gender, email, address, phone_number, username, id_card, day_of_birth, customer_type_id, is_delete) values (27, 'Starla Ringe', 2, 'sringeq@bizjournals.com', '09251', '0903917466', 'thradskyq', '697764799', '1988-08-06', 1, 0);
insert into customer (id, name, gender, email, address, phone_number, username, id_card, day_of_birth, customer_type_id, is_delete) values (28, 'Daffie Garrat', 2, 'dgarratr@businessweek.com', '428', '0907766438', 'vkunkel0', '017454883', '1986-03-08', 3, 0);
insert into customer (id, name, gender, email, address, phone_number, username, id_card, day_of_birth, customer_type_id, is_delete) values (29, 'Bettine Paten', 2, 'bpatens@ed.gov', '7605', '0901660604', 'zolliffb', 'wforthi', '1988-07-20', 2, 0);
insert into customer (id, name, gender, email, address, phone_number, username, id_card, day_of_birth, customer_type_id, is_delete) values (30, 'Gardner Couldwell', 2, 'gcouldwellt@reuters.com', '7', '0900383254', 'wkleinhausen2', '742660996', '2003-05-09', 1, 0);

insert into employee (id, name, gender, email, address, phone_number, username, id_card, day_of_birth, image, is_delete) values (2, 'Arnaldo Humphrys',0, 'ahumphrys1@seattletimes.com', 'Hòa Vang, Đà Nẵng', '0901458194', 'chancell1', '970821850', '1983-07-13', 'https://firebasestorage.googleapis.com/v0/b/cinema-project-6158f.appspot.com/o/17-11-202210x15a-8811.jpg?alt=media&token=0066917e-e7b7-4e78-8398-f6a175ec300e',0);
insert into employee (id, name, gender, email, address, phone_number, username, id_card, day_of_birth, image, is_delete) values (3, 'Diane Englefield',0, 'denglefield2@ihg.com','Hòa Vang, Đà Nẵng', '0907741438', 'ckoenea', '872766984', '1997-07-01', 'https://firebasestorage.googleapis.com/v0/b/cinema-project-6158f.appspot.com/o/17-11-2022110x15-3594%20-%20Copy.jpg?alt=media&token=d2ea827a-6ec7-4988-8f1b-eb16066d815b',0);
insert into employee (id, name, gender, email, address, phone_number, username, id_card, day_of_birth, image, is_delete) values (4, 'Trish Emett',1, 'temett3@si.edu', 'Hải Châu, Đà Nẵng', '0909550396', 'cmatteottir', '003583535', '1996-03-12', 'https://firebasestorage.googleapis.com/v0/b/cinema-project-6158f.appspot.com/o/17-11-2022406-duyen-6091.jpg?alt=media&token=8c99b935-e631-4202-9a5a-39d707e2d116',0);
insert into employee (id, name, gender, email, address, phone_number, username, id_card, day_of_birth, image, is_delete) values (5, 'Eveline Scrancher',1, 'escrancher4@nasa.gov', 'Hải Châu, Đà Nẵng', '0904111806', 'cpulman4', '719520951', '1986-05-25', 'https://firebasestorage.googleapis.com/v0/b/cinema-project-6158f.appspot.com/o/17-11-2022406-duyen-6091.jpg?alt=media&token=8c99b935-e631-4202-9a5a-39d707e2d116',0);
insert into employee (id, name, gender, email, address, phone_number, username, id_card, day_of_birth, image, is_delete) values (6, 'Miner Pickin',1, 'mpickin5@eepurl.com', 'Hải Châu, Đà Nẵng', '0901182013', 'cquinceet', '232636916', '1998-06-16', 'https://firebasestorage.googleapis.com/v0/b/cinema-project-6158f.appspot.com/o/17-11-2022528-trang-7874.jpg?alt=media&token=bc8f25f8-d97c-4d69-8f38-dfadfa30b7a8',0);
insert into employee (id, name, gender, email, address, phone_number, username, id_card, day_of_birth, image, is_delete) values (7, 'Kailey Sutliff',1, 'ksutliff6@nih.gov', 'Hòa Vang, Đà Nẵng', '0901369239', 'cwilkensonq', '113692928', '1995-11-24', 'https://firebasestorage.googleapis.com/v0/b/cinema-project-6158f.appspot.com/o/17-11-2022668-huong-8909.jpg?alt=media&token=11be6ce0-6f0e-4567-8c06-e412144f6bd8',0);
insert into employee (id, name, gender, email, address, phone_number, username, id_card, day_of_birth, image, is_delete) values (9, 'Minta Habbin',1, 'mhabbin8@zimbio.com', 'Thanh Khê, Đà Nẵng', '0909527078', 'dmillardn', '374401846', '2000-04-18', 'https://firebasestorage.googleapis.com/v0/b/cinema-project-6158f.appspot.com/o/17-11-2022941-nhu-3122%20-%20Copy.jpg?alt=media&token=c59c8b04-dcc8-4a23-870a-5900a49c4369',0);
insert into employee (id, name, gender, email, address, phone_number, username, id_card, day_of_birth, image, is_delete) values (10, 'Michale Sancho',1, 'msancho9@baidu.com', 'Sơn Trà, Đà Nẵng', '0906512372', 'dranscome2', '334047381', '1995-07-01', 'https://firebasestorage.googleapis.com/v0/b/cinema-project-6158f.appspot.com/o/17-11-2022981-nhu-8451%20-%20Copy.jpg?alt=media&token=808c2fcc-c4c8-44bc-a3e1-142da1882f6a',0);
insert into employee (id, name, gender, email, address, phone_number, username, id_card, day_of_birth, image, is_delete) values (11, 'Delano Sandyford',1, 'dsandyforda@drupal.org', 'Hải Châu, Đà Nẵng', '0905583811', 'ehevner7', '084832658', '1986-01-16', 'https://firebasestorage.googleapis.com/v0/b/cinema-project-6158f.appspot.com/o/17-11-202210x15a-8811%20-%20Copy.jpg?alt=media&token=8b6018a7-4874-4208-a280-91460ce179ba',0);
insert into employee (id, name, gender, email, address, phone_number, username, id_card, day_of_birth, image, is_delete) values (12, 'Oralia Koppens',1, 'okoppensb@yelp.com', 'Hòa Vang, Đà Nẵng', '0905939819', 'employee', '460811363', '1989-07-20', 'https://firebasestorage.googleapis.com/v0/b/cinema-project-6158f.appspot.com/o/17-11-2022110x15-3594%20-%20Copy.jpg?alt=media&token=d2ea827a-6ec7-4988-8f1b-eb16066d815b',0);
insert into employee (id, name, gender, email, address, phone_number, username, id_card, day_of_birth, image, is_delete) values (13, 'Deanne Denzey',1, 'ddenzeyc@msu.edu', 'Thanh Khê, Đà Nẵng', '0902566446', 'epaneb', '635410913', '2004-08-16', 'https://firebasestorage.googleapis.com/v0/b/cinema-project-6158f.appspot.com/o/17-11-2022668-huong-8909.jpg?alt=media&token=11be6ce0-6f0e-4567-8c06-e412144f6bd8',0);
insert into employee (id, name, gender, email, address, phone_number, username, id_card, day_of_birth, image, is_delete) values (14, 'Violette O''Docherty',1, 'vodochertyd@soup.io', 'Hải Châu, Đà Nẵng', '0908510903', 'fgyurkom', '758430952', '1995-01-17', 'https://firebasestorage.googleapis.com/v0/b/cinema-project-6158f.appspot.com/o/17-11-202210x15a-8811.jpg?alt=media&token=0066917e-e7b7-4e78-8398-f6a175ec300e',0);
insert into employee (id, name, gender, email, address, phone_number, username, id_card, day_of_birth, image, is_delete) values (15, 'Shantee Whitefoot',1, 'swhitefoote@trellian.com', 'Sơn Trà, Đà Nẵng', '0909545016', 'gabyssk', '937775866', '2003-10-02', 'https://firebasestorage.googleapis.com/v0/b/cinema-project-6158f.appspot.com/o/17-11-2022981-nhu-8451%20-%20Copy.jpg?alt=media&token=808c2fcc-c4c8-44bc-a3e1-142da1882f6a',0);
insert into employee (id, name, gender, email, address, phone_number, username, id_card, day_of_birth, image, is_delete) values (16, 'Isidro Champ',1, 'ichampf@flickr.com', 'Hòa Vang, Đà Nẵng', '0901292734', 'gbarriballg', '396539765', '1989-09-05', 'https://firebasestorage.googleapis.com/v0/b/cinema-project-6158f.appspot.com/o/17-11-2022945-tu-uyen-8540%20-%20Copy.jpg?alt=media&token=ce05959f-0231-4fa2-a40a-bf19ca5b5d9e',0);
insert into employee (id, name, gender, email, address, phone_number, username, id_card, day_of_birth, image, is_delete) values (17, 'Gideon Ilewicz',1, 'gilewiczg@go.com', 'Sơn Trà, Đà Nẵng', '0901252995', 'gsheepye', '339694635', '2003-04-30', 'https://firebasestorage.googleapis.com/v0/b/cinema-project-6158f.appspot.com/o/17-11-2022528-trang-7874.jpg?alt=media&token=bc8f25f8-d97c-4d69-8f38-dfadfa30b7a8',0);
insert into employee (id, name, gender, email, address, phone_number, username, id_card, day_of_birth, image, is_delete) values (18, 'Hirsch Pennyman',1, 'hpennymanh@pcworld.com', 'Hải Châu, Đà Nẵng', '0908378090', 'ipottesd', '394650970', '2004-03-12', 'https://firebasestorage.googleapis.com/v0/b/cinema-project-6158f.appspot.com/o/17-11-2022406-duyen-6091.jpg?alt=media&token=8c99b935-e631-4202-9a5a-39d707e2d116',0);
insert into employee (id, name, gender, email, address, phone_number, username, id_card, day_of_birth, image, is_delete) values (19, 'Nerty Whelan',1, 'nwhelani@nydailynews.com', 'Thanh Khê, Đà Nẵng', '0908277605', 'iyeats6', '403781203', '1987-08-12', 'https://firebasestorage.googleapis.com/v0/b/cinema-project-6158f.appspot.com/o/17-11-2022110x15-3594%20-%20Copy.jpg?alt=media&token=d2ea827a-6ec7-4988-8f1b-eb16066d815b',0);
insert into employee (id, name, gender, email, address, phone_number, username, id_card, day_of_birth, image, is_delete) values (20, 'Evie MacAloren',1, 'emacalorenj@sun.com', 'Hòa Vang, Đà Nẵng', '0901024144', 'kduftonp', '694958151', '2000-01-16', 'https://firebasestorage.googleapis.com/v0/b/cinema-project-6158f.appspot.com/o/17-11-2022668-huong-8909.jpg?alt=media&token=11be6ce0-6f0e-4567-8c06-e412144f6bd8',0);
insert into employee (id, name, gender, email, address, phone_number, username, id_card, day_of_birth, image, is_delete) values (21, 'Ezechiel Durbyn',0, 'edurbynk@google.co.uk', 'Hòa Vang, Đà Nẵng', '0908770199', 'mclarson0', '338403808', '1999-02-26', 'https://firebasestorage.googleapis.com/v0/b/cinema-project-6158f.appspot.com/o/17-11-202210x15a-8811%20-%20Copy.jpg?alt=media&token=8b6018a7-4874-4208-a280-91460ce179ba',0);
insert into employee (id, name, gender, email, address, phone_number, username, id_card, day_of_birth, image, is_delete) values (22, 'Stinky Le Pruvost',1, 'slel@bloglovin.com', 'Hải Châu, Đà Nẵng', '0908022164', 'mtorel5', '345339026', '2003-08-20', 'https://firebasestorage.googleapis.com/v0/b/cinema-project-6158f.appspot.com/o/17-11-2022941-nhu-3122%20-%20Copy.jpg?alt=media&token=c59c8b04-dcc8-4a23-870a-5900a49c4369',0);
insert into employee (id, name, gender, email, address, phone_number, username, id_card, day_of_birth, image, is_delete) values (23, 'Patrice Leare',0, 'plearem@dion.ne.jp', 'Thanh Khê, Đà Nẵng', '0909081830', 'pgreggersenc', '776460111', '1986-08-30', 'https://firebasestorage.googleapis.com/v0/b/cinema-project-6158f.appspot.com/o/17-11-2022945-tu-uyen-8540%20-%20Copy.jpg?alt=media&token=ce05959f-0231-4fa2-a40a-bf19ca5b5d9e',0);
insert into employee (id, name, gender, email, address, phone_number, username, id_card, day_of_birth, image, is_delete) values (24, 'Brock Ludman',0, 'bludmann@umn.edu', 'Thanh Khê, Đà Nẵng', '0902819940', 'phover8', '999182766', '1995-05-27', 'https://firebasestorage.googleapis.com/v0/b/cinema-project-6158f.appspot.com/o/17-11-2022981-nhu-8451%20-%20Copy.jpg?alt=media&token=808c2fcc-c4c8-44bc-a3e1-142da1882f6a',0);
insert into employee (id, name, gender, email, address, phone_number, username, id_card, day_of_birth, image, is_delete) values (25, 'Anneliese Hockell',0, 'ahockello@yahoo.com', 'Hải Châu, Đà Nẵng', '0904496360', 'sbirrel9', '323322573', '1999-11-20', 'https://firebasestorage.googleapis.com/v0/b/cinema-project-6158f.appspot.com/o/17-11-202210x15a-8811.jpg?alt=media&token=0066917e-e7b7-4e78-8398-f6a175ec300e',0);
insert into employee (id, name, gender, email, address, phone_number, username, id_card, day_of_birth, image, is_delete) values (26, 'Joni Gallant',1, 'jgallantp@github.com', 'Thanh Khê, Đà Nẵng', '0904045208', 'ssodorh', '132994398', '1981-07-24', 'https://firebasestorage.googleapis.com/v0/b/cinema-project-6158f.appspot.com/o/17-11-2022941-nhu-3122%20-%20Copy.jpg?alt=media&token=c59c8b04-dcc8-4a23-870a-5900a49c4369',0);
insert into employee (id, name, gender, email, address, phone_number, username, id_card, day_of_birth, image, is_delete) values (27, 'Peterus Deedes',0, 'pdeedesq@dion.ne.jp', 'Hòa Vang, Đà Nẵng', '0902310904', 'tchapplei', '220549382', '1988-03-23', 'https://firebasestorage.googleapis.com/v0/b/cinema-project-6158f.appspot.com/o/17-11-2022668-huong-8909.jpg?alt=media&token=11be6ce0-6f0e-4567-8c06-e412144f6bd8',0);
insert into employee (id, name, gender, email, address, phone_number, username, id_card, day_of_birth, image, is_delete) values (28, 'Yancy Harcourt',1, 'yharcourtr@go.com', 'Hòa Vang, Đà Nẵng', '0906352299', 'tromeo3', '718559223', '1993-06-13', 'https://firebasestorage.googleapis.com/v0/b/cinema-project-6158f.appspot.com/o/17-11-2022528-trang-7874.jpg?alt=media&token=bc8f25f8-d97c-4d69-8f38-dfadfa30b7a8',0);
insert into employee (id, name, gender, email, address, phone_number, username, id_card, day_of_birth, image, is_delete) values (29, 'Jeffrey Cavet',1, 'jcavets@google.ru', 'Thanh Khê, Đà Nẵng', '0904461170', 'wdanneill', '833739166', '1989-07-26', 'https://firebasestorage.googleapis.com/v0/b/cinema-project-6158f.appspot.com/o/17-11-2022406-duyen-6091.jpg?alt=media&token=8c99b935-e631-4202-9a5a-39d707e2d116',0);
insert into employee (id, name, gender, email, address, phone_number, username, id_card, day_of_birth, image, is_delete) values (30, 'Danya Ghelardoni',1, 'dghelardonit@foxnews.com', 'Hòa Vang, Đà Nẵng', '0902379936', 'wstrangwoodf', '057012847', '1983-01-04', 'https://firebasestorage.googleapis.com/v0/b/cinema-project-6158f.appspot.com/o/17-11-2022110x15-3594%20-%20Copy.jpg?alt=media&token=d2ea827a-6ec7-4988-8f1b-eb16066d815b',0);
insert into employee (id, name, gender, email, address, phone_number, username, id_card, day_of_birth, image, is_delete) values (1, 'Blayne Prevost',0, 'bprevost0@bravesites.com','Hải Châu, Đà Nẵng', '0904711635', 'admin', '271181455', '1994-01-17', 'https://firebasestorage.googleapis.com/v0/b/cinema-project-6158f.appspot.com/o/17-11-202210x15a-8811%20-%20Copy.jpg?alt=media&token=8b6018a7-4874-4208-a280-91460ce179ba',0);

INSERT INTO `project_spring_2`.`laptop` 
( `is_delete`, `name`, `cpu`, `screen`, `image`, `ram`, `quantity`, `price`, `laptop_type_id`, `employee_id`, `status`, `promotion_id`) 
VALUES ( 0, 'Laptop MSI Modern', 'Intel Core i5-1155G7 ', '15.6" IPS (1920 x 1080)', 'https://lh3.googleusercontent.com/AuqhERmRG5UzcXhYp4bksbuNkPecHQzTdlBN8COMmC866UWUcKE9P3DnEOFsWjB64G8UYAZJbrvpNgeec3M664cagmbuJXtt=w1000-rw', '8GB', '10', '17690000', '2', '1', '0', '1');

INSERT INTO `project_spring_2`.`laptop` 
( `is_delete`, `name`, `cpu`, `screen`, `image`, `ram`, `quantity`, `price`, `laptop_type_id`, `employee_id`, `status`, `promotion_id`) 
VALUES ( 0, 'Laptop HP 15s', ' Intel Core i5-1235U', '15.6" IPS (1366 x 768)', 'https://lh3.googleusercontent.com/XzGYBhw_-WlifYoDb29PY75d2mjQnp0yBA4A4OtxS7QALPNRG_4wmW2y4U48aAxr1izZ75GJJ-xFKoUSs6w8m0XhPpanRSo=w500-rw', '4GB', '10', '15000000', '2', '1', '0', '1');

INSERT INTO `project_spring_2`.`laptop` 
( `is_delete`, `name`, `cpu`, `screen`, `image`, `ram`, `quantity`, `price`, `laptop_type_id`, `employee_id`, `status`, `promotion_id`) 
VALUES ( 0, 'Laptop ACER Aspire 5','Intel Core i5-1135G7', '14" IPS (1920 x 1080)', 'https://lh3.googleusercontent.com/02orwFyiy7RcM8bLGmm8on1vJJU0nk3TXaTmLe8PS1tJce4wG6l7q3VrI48EDAfpzcLiL4EuGc3KseXLaFEX9fhK2WcpITaA=w500-rw', '4GB', '10', '16900000', '2', '1', '0', '1');

INSERT INTO `project_spring_2`.`laptop` 
( `is_delete`, `name`, `cpu`, `screen`, `image`, `ram`, `quantity`, `price`, `laptop_type_id`, `employee_id`, `status`, `promotion_id`) 
VALUES ( 0, 'Laptop Asus Vivobook 16X M1603QA-MB123W','AMD Ryzen 5 5600H', '16" IPS (1920 x 1200)', 'https://lh3.googleusercontent.com/Yl_G9JdLU055JNkJ58xKbR2vBPUADPYdJqDnSn9qAvktt9et13g4tjDQ4kwz09TGv8fyXIqUmVdIHCpCgWTeO9l2j9oNgQmm=w500-rw', '8GB', '10', '20000000', '2', '1', '0', '1');

INSERT INTO `project_spring_2`.`laptop` 
( `is_delete`, `name`, `cpu`, `screen`, `image`, `ram`, `quantity`, `price`, `laptop_type_id`, `employee_id`, `status`, `promotion_id`) 
VALUES ( 0, 'Laptop ACER Nitro 5 AN515-58-52SP','Intel Core i5-12500H', '15.6" IPS (1920 x 1080),144Hz', 'https://lh3.googleusercontent.com/CYSfdYN-XDOrBSR9BHkeqUcO2kKBBgct5QTTdvOPiWegjw7t38q9dkIfqTh8FQaaGuZwig_0UMpJddSwkGK-e51e5C_Bu-iu=w1000-rw', '8GB', '10', '17990000', '2', '1', '0', '1');

INSERT INTO `project_spring_2`.`laptop` 
( `is_delete`, `name`, `cpu`, `screen`, `image`, `ram`, `quantity`, `price`, `laptop_type_id`, `employee_id`, `status`, `promotion_id`) 
VALUES ( 0, 'Laptop ASUS TUF Gaming FX506LHB-HN188W','Intel Core i5-10300H', '15.6" IPS (1920 x 1080)', 'https://lh3.googleusercontent.com/cvwQBRXmCTrhuVo6xX-f0EMWv_VqY7sS6BlBWeMjPW3HHdO2Miwer2p0p806OVDdfG9FCNPKC4HwjCeCgw3iLh0dLEfZd8A=w500-rw', '8GB', '10', '20990000', '2', '1', '0', '1');

INSERT INTO `project_spring_2`.`laptop` 
( `is_delete`, `name`, `cpu`, `screen`, `image`, `ram`, `quantity`, `price`, `laptop_type_id`, `employee_id`, `status`, `promotion_id`) 
VALUES ( 0, 'Laptop Asus TUF Gaming A15 FA506IHRB','AMD Ryzen 5 4600H', '15.6" IPS (1920 x 1080),144Hz', 'https://lh3.googleusercontent.com/S09qIzLbpS2GKRJ0iCXrABo9L6Fi5K5wX9kwRhRSqijHq-eLU45V2jyOjr8Az04RvR2lc3IxTlQed8govsoKGkdEbW-6ql4=w500-rw', '8GB', '10', '19990000', '2', '1', '0', '1');

INSERT INTO `project_spring_2`.`laptop` 
( `is_delete`, `name`, `cpu`, `screen`, `image`, `ram`, `quantity`, `price`, `laptop_type_id`, `employee_id`, `status`, `promotion_id`) 
VALUES ( 0, 'Laptop Dell Inspiron 15 3520','Intel Core i5-1235U', '15.6" (1920 x 1080),120Hz', 'https://lh3.googleusercontent.com/aTNyf9wPNLM2WDS-6mYhB4UlWfnq615jqPQEydgI-rtabdxVrD36BPTkXJzyAAp14VUJHbxozaF20XdTQmj06E2qJbYX-_A-=w500-rw', '8GB', '10', '19990000', '2', '1', '0', '1');

INSERT INTO `project_spring_2`.`laptop` 
( `is_delete`, `name`, `cpu`, `screen`, `image`, `ram`, `quantity`, `price`, `laptop_type_id`, `employee_id`, `status`, `promotion_id`) 
VALUES ( 0, 'Laptop ASUS UX425EA-KI839W','Intel Core i5-1135G7', '14" IPS (1920 x 1080)', 'https://lh3.googleusercontent.com/OHlZgHZuy1Vs-TinwIOxLJfT-WQDCaO2llujevonC6W-KBbenwaVOyDWPtwx_1lDU6DBIwiW_rFRWYF-YFVRFNIZdr3Z38aRfg=w500-rw', '8GB', '10', '22490000', '2', '1', '0', '1');

INSERT INTO `project_spring_2`.`laptop` 
( `is_delete`, `name`, `cpu`, `screen`, `image`, `ram`, `quantity`, `price`, `laptop_type_id`, `employee_id`, `status`, `promotion_id`) 
VALUES ( 0, 'Laptop ACER Aspire 3 A315-59-381E','Intel Core i3-1215U', '15.6" (1920 x 1080)', 'https://lh3.googleusercontent.com/1S6Ltn5pJWSMWh0U6V4w80Di1Lq8AVQhuDOzVHbQPmxwcztwofrF_3gyuy7Pk8AJ73MVFCYDgm4r1orx6eh88iwVj9nDyXk=w500-rw', '8GB', '10', '13490000', '2', '1', '0', '1');

INSERT INTO `project_spring_2`.`laptop` 
( `is_delete`, `name`, `cpu`, `screen`, `image`, `ram`, `quantity`, `price`, `laptop_type_id`, `employee_id`, `status`, `promotion_id`) 
VALUES ( 0, 'Laptop Dell Vostro 3510','Intel Core i5-1135G7', '15.6" WVA (1920 x 1080)', 'https://lh3.googleusercontent.com/0bOv9u3l2lXqlCMrgb1JCPgyT2Ajq6MBu1EX3-7oYS7YSB0S3N2pERFtqddBYrMZp2eL0POtfVB7naIlm1-W5N5GTUvXbmcw=w500-rw', '8GB', '10', '2290000', '2', '1', '0', '1');

INSERT INTO `project_spring_2`.`laptop` 
( `is_delete`, `name`, `cpu`, `screen`, `image`, `ram`, `quantity`, `price`, `laptop_type_id`, `employee_id`, `status`, `promotion_id`) 
VALUES ( 0, 'Laptop ACER Nitro 5 AN515-57-71VV','Intel Core i7-11800H', '15.6" IPS (1920 x 1080),144Hz', 'https://lh3.googleusercontent.com/zRrBmbFMbtZHWAPY4ohDoPEg3uhd5oa0UhkA2UhzlT9uBtzeTBlRt2pxA-r-JKAleVFNzTb_g8CLiKAnpknUOb8xhyjI3-Qo=w500-rw', '8GB', '10', '27490000', '2', '1', '0', '1');

INSERT INTO `project_spring_2`.`laptop` 
( `is_delete`, `name`, `cpu`, `screen`, `image`, `ram`, `quantity`, `price`, `laptop_type_id`, `employee_id`, `status`, `promotion_id`) 
VALUES ( 0, 'Laptop HP ProBook 440 G9','Intel Core i5-1235U', '14" IPS (1920 x 1080)', 'https://lh3.googleusercontent.com/QT2QTju0ig0ZprlHHYBLEJzlbYWoJaGIHPcBqy8_ep8D_9-yYJAAsztz75MEMTrjGlJHTgYQaen90TYbIuuRROhAL17f4M3e=w500-rw', '8GB', '10', '21490000', '2', '1', '0', '1');
